{
  "koberice": {
    "leftTop": {
      "x": 18.0391853,
      "y": 49.9880839
    },
    "rightBottom": {
      "x": 18.0614369,
      "y": 49.9767008
    },
    "image": "koberice.png"
  }
}
